,mu1,sigma_u1,sigma_w1,mu2,sigma_u2,sigma_w2
unconstrained,-11.37466812133789,1.8032274589687631,1.5928641267818429,-1.4664030075073242,1.7814808748878015,1.224593634708746
