,mu1,sigma_u1,sigma_w1,mu2,sigma_u2,sigma_w2
unconstrained,-11.416437149047852,1.8013061903204841,1.5514162366081525,-1.5811872482299805,1.8549384144350416,1.2688772595930682
